{
    "header": {
        "arena": {
            "width": 1000,
            "height": 1000
        },
        "creatures": [
            {
                "id": 0,
                "health": 100,
                "position": [
                    428.93103932405927,
                    215.4757953188307
                ],
                "speed": 15,
                "name": "Creature 0",
                "angle": 305.88829983536436
            },
            {
                "id": 1,
                "health": 100,
                "position": [
                    575.269497428737,
                    670.5678526366794
                ],
                "speed": 12,
                "name": "Creature 1",
                "angle": 314.6074646645086
            },
            {
                "id": 2,
                "health": 100,
                "position": [
                    519.4201637631802,
                    871.8689791908423
                ],
                "speed": 6,
                "name": "Creature 2",
                "angle": 163.6711684179902
            }
        ]
    },
    "movements": [
        {
            "id": 0,
            "deltas": [
                [
                    8.793103932405945,
                    -12.152420468116922
                ],
                [
                    8.793103932405945,
                    -12.152420468116922
                ],
                [
                    8.793103932405945,
                    -12.152420468116922
                ],
                [
                    8.793103932405945,
                    -12.152420468116922
                ],
                [
                    8.793103932405945,
                    -12.152420468116922
                ],
                [
                    8.793103932405945,
                    -12.152420468116922
                ],
                [
                    8.793103932405945,
                    -12.152420468116922
                ],
                [
                    8.793103932405945,
                    -12.152420468116922
                ],
                [
                    8.793103932405945,
                    -12.152420468116922
                ],
                [
                    8.793103932405945,
                    -12.152420468116922
                ]
            ]
        },
        {
            "id": 1,
            "deltas": [
                [
                    8.42694974287367,
                    -8.543214736332066
                ],
                [
                    8.42694974287367,
                    -8.543214736332066
                ],
                [
                    8.42694974287367,
                    -8.543214736332066
                ],
                [
                    8.42694974287367,
                    -8.543214736332066
                ],
                [
                    8.42694974287367,
                    -8.543214736332066
                ],
                [
                    8.42694974287367,
                    -8.543214736332066
                ],
                [
                    8.42694974287367,
                    -8.543214736332066
                ],
                [
                    8.42694974287367,
                    -8.543214736332066
                ],
                [
                    8.42694974287367,
                    -8.543214736332066
                ],
                [
                    8.42694974287367,
                    -8.543214736332066
                ]
            ]
        },
        {
            "id": 2,
            "deltas": [
                [
                    -5.757983623681935,
                    1.6868979190842133
                ],
                [
                    -5.757983623681935,
                    1.6868979190842133
                ],
                [
                    -5.757983623681935,
                    1.6868979190842133
                ],
                [
                    -5.757983623681935,
                    1.6868979190842133
                ],
                [
                    -5.757983623681935,
                    1.6868979190842133
                ],
                [
                    -5.757983623681935,
                    1.6868979190842133
                ],
                [
                    -5.757983623681935,
                    1.6868979190842133
                ],
                [
                    -5.757983623681935,
                    1.6868979190842133
                ],
                [
                    -5.757983623681935,
                    1.6868979190842133
                ],
                [
                    -5.757983623681935,
                    1.6868979190842133
                ]
            ]
        }
    ]
}